lookup error,lexington hs
lookup error,lexington hs
lookup error,mason city hs ia
lookup error,mason city hs ia
lookup error,mason city hs ia
lookup error,park city hs ut
lookup error,park city hs ut
conflict coach,wisconsin,2012,alvarez barry,bielema bret
conflict coach,wisconsin,2012,alvarez barry,bielema bret
conflict coach,colorado st.,1981,arslanian sark,caddas chester
conflict coach,toledo,2011,beckman tim,campbell matt
conflict coach,toledo,2011,beckman tim,campbell matt
conflict coach,wabash,2001,carlson greg,creighton chris
lookup error,campbell county hs (wy)
lookup error,campbell county hs (wy)
lookup error,campbell county hs (wy)
lookup error,campbell county hs (wy)
lookup error,campbell county hs (wy)
lookup error,campbell county hs (wy)
lookup error,montana western
lookup error,montana western
lookup error,montana western
lookup error,gardner–webb
lookup error,gardner–webb
conflict coach,north texas,2010,canales mike,dodge todd
conflict coach,north texas,2010,canales mike,dodge todd
conflict coach,northern illinois,2012,carey rod,doeren dave
conflict coach,northern illinois,2012,carey rod,doeren dave
conflict coach,tennessee,2012,chaney jim,dooley derek
conflict coach,tennessee,2012,chaney jim,dooley derek
conflict coach,south dakota,1962,burns robert g bob,dougherty james j jim
lookup error,cincinnati moeller hs oh
lookup error,cincinnati moeller hs oh
lookup error,cincinnati moeller hs oh
lookup error,cincinnati moeller hs oh
lookup error,cincinnati moeller hs oh
lookup error,cincinnati moeller hs oh
lookup error,cincinnati moeller hs oh
lookup error,cincinnati moeller hs oh
lookup error,cincinnati moeller hs oh
lookup error,cincinnati moeller hs oh
lookup error,cincinnati moeller hs oh
lookup error,cincinnati moeller hs oh
lookup error,cincinnati moeller hs oh
lookup error,cincinnati moeller hs oh
lookup error,cincinnati moeller hs oh
lookup error,cincinnati moeller hs oh
lookup error,cincinnati moeller hs oh
lookup error,cincinnati moeller hs oh
lookup error,cincinnati moeller hs oh
conflict coach,fordham,2004,clawson dave,foley ed
conflict coach,fordham,2004,clawson dave,foley ed
conflict coach,texas a&m,2007,darnell gary,franchione dennis
conflict coach,texas a&m,2007,darnell gary,franchione dennis
conflict coach,north carolina central,2013,foster dwayne,frazier iii henry
conflict coach,idaho,2012,akey robb,gesser jason
conflict coach,tulsa ok,1972,dry fa,gibson claude
conflict coach,valparaiso,2013,carlson dale,gravier mike
conflict coach,missouri southern st.,2003,cooke bill,green rob
conflict coach,arkansas st.,2011,freeze hugh,gunn david
conflict coach,pitt,1989,gottfried mike,hackett paul
conflict coach,pitt,1989,gottfried mike,hackett paul
conflict coach,florida,1989,darnell gary,hall galen
conflict coach,florida,1989,darnell gary,hall galen
conflict coach,southern miss,1990,bower jeff,hallman curley
conflict coach,southern miss,1990,bower jeff,hallman curley
conflict coach,amiens spartiates,2014,criner jim,hand jeff
conflict coach,colorado,2005,barnett gary,hankwitz mike
conflict coach,colorado,2010,cabral brian,hawkins dan
conflict coach,colorado,2010,cabral brian,hawkins dan
conflict coach,prairie view,1986,catchings haney,haymen conway
conflict coach,miami oh,2010,guidry lance,haywood michael
conflict coach,miami oh,2010,guidry lance,haywood michael
conflict coach,kean,1987,hazlett james jim,hedden glenn
conflict coach,west virginia,1972,bowden bobby,henshaw george
conflict coach,jackson st. ms,1976,gorden wc,hill robert c bob
conflict coach,marshall,2013,furrey mike,holliday john doc
conflict coach,marshall,2013,furrey mike,holliday john doc
conflict coach,marshall,2014,furrey mike,holliday john doc
conflict coach,arkansas st.,1997,bobo john,hollis joe
conflict coach,arkansas st.,1997,bobo john,hollis joe
conflict coach,arkansas st.,1997,bobo john,hollis joe
conflict coach,minnesota,1985,gutekunst john,holtz lou
conflict coach,minnesota,1985,gutekunst john,holtz lou
conflict coach,purdue,2012,higgins patrick,hope danny
conflict coach,purdue,2012,higgins patrick,hope danny
conflict coach,minnesota,2010,brewster tim,horton jeff
conflict coach,texas-el paso,1972,dobbs robert l bobby,hudspeth tommy
conflict coach,lsu,1999,dinardo gerry,hunter hal
conflict coach,samford al,2001,gray bill,hurt pete
conflict coach,vanderbilt,2010,caldwell robbie,johnson bobby
conflict coach,kentucky wesleyan,1994,awrey randy,johnson john
conflict coach,wyoming,2012,christensen dave,kaligis pete
conflict coach,louisiana-monroe,2002,collins mike,keasler bobby
conflict coach,louisiana-monroe,2002,collins mike,keasler bobby
conflict coach,usc,2013,helton clay,kiffin lane
conflict coach,oakland raiders,2008,cable tom,kiffin lane
conflict coach,usc,2013,helton clay,kiffin lane
conflict coach,minnesota,2013,claeys tracy,kill jerry
conflict coach,minnesota,2013,claeys tracy,kill jerry
conflict coach,arkansas,1992,crowe jack,kines joe
conflict coach,arkansas,1992,crowe jack,kines joe
conflict coach,southern oregon,1972,johnson scott,kramer larry
conflict coach,idaho state,2012,bailey don,kramer mike
conflict coach,helena hs,1980,dennehy mick,kramer mike
conflict coach,helena hs,1981,dennehy mick,kramer mike
conflict coach,idaho state,2012,bailey don,kramer mike
conflict coach,ucf,2003,gooch alan,kruczek mike
conflict coach,ucf,2003,gooch alan,kruczek mike
conflict coach,arkansas st.,1989,collins pat,lacewell larry
conflict coach,arkansas st.,1989,collins pat,lacewell larry
conflict coach,arkansas st.,1978,davidson bill,lacewell larry
conflict coach,saint mary's,2000,haslam kevin,landis tim
conflict coach,saint mary's,2001,haslam kevin,landis tim
conflict coach,saint mary's,2002,frear scott,landis tim
conflict coach,missouri southern st.,1997,green rob,lantz jon
conflict coach,akron,1966,dennison jim,larson gondon
conflict coach,texas-el paso,1993,bailey charlie,lee david
conflict coach,utep,1993,bailey charlie,lee david
conflict coach,maryland,1970,gardi joe,lester roy
conflict coach,maryland,1971,gardi joe,lester roy
conflict coach,new mexico,2011,barlow george,locksley mike
conflict coach,new mexico,2011,barlow george,locksley mike
conflict coach,indiana,2007,hoeppner terry,lynch bill
conflict coach,indiana,2007,hoeppner terry,lynch bill
conflict coach,san jose st. ca,2012,baer kent,macintyre mike
conflict coach,arizona,2003,hankwitz mike,mackovic john
conflict coach,arizona,2003,hankwitz mike,mackovic john
conflict coach,tennessee,1992,fulmer phillip,majors johnny
conflict coach,tennessee,1992,fulmer phillip,majors johnny
conflict coach,boise st. id,1996,allen pokey,mason tom
conflict coach,livingstone,2009,brown eric,massie lamonte j
conflict coach,northern illinois,2010,kill jerry,matukewicz tom
conflict coach,northern illinois,2010,kill jerry,matukewicz tom
conflict coach,colorado,1991,embree jon,mccartney bill
conflict coach,colorado,1991,embree jon,mccartney bill
conflict coach,east central,2013,karcher ken,mccarty tim
conflict coach,tennessee-martin,2002,jernigan johnny,mccorkle sam
conflict coach,tennessee-martin,2002,jernigan johnny,mccorkle sam
conflict coach,san diego ca,2003,desjarlais jason,mcgarry kevin
conflict coach,san jose st. ca,1970,king dewayne dewey,mcmullen joe
conflict coach,texas tech,2009,leach mike,mcneill ruffin
conflict coach,texas tech,2009,leach mike,mcneill ruffin
conflict coach,texas tech,1986,dykes spike,mcwilliams david
conflict coach,abilene,1968,bullington wally,mcwilliams david
conflict coach,abilene,1969,bullington wally,mcwilliams david
conflict coach,texas tech,1986,dykes spike,mcwilliams david
conflict coach,utah,2004,meyer urban,meyer urban  whittingham kyle
conflict coach,texas-el paso,1981,alton bill,michael bill
conflict coach,loras ia,2013,helminiak steve,mierkiewicz paul
conflict coach,missouri st.,1996,beck tim,miller del
conflict coach,missouri st.,1997,beck tim,miller del
conflict coach,queens ny,1972,cruz tony,monaghan jack
conflict coach,kentucky christian,2010,furrey mike,moore zack
conflict coach,kentucky christian,2010,furrey mike,moore zack
conflict coach,army ny,2003,berry todd,mumford john
conflict coach,army,2003,berry todd,mumford john
conflict coach,lagrange ga,2013,mooney todd,mumme matt
conflict coach,west texas a&m,2013,carthel don,nesbitt mike
conflict coach,west texas a&m,2013,carthel don,nesbitt mike
conflict coach,ucla,2011,johnson mike,neuheisel rick
conflict coach,ucla,2011,johnson mike,neuheisel rick
conflict coach,bucknell,2008,landis tim,nichols harold
conflict coach,navy,2007,johnson paul,niumatalolo ken
conflict coach,navy,2007,johnson paul,niumatalolo ken
conflict coach,central missouri,1996,floyd jeff,noland terry
conflict coach,arkansas,2007,herring reggie,nutt houston
conflict coach,arkansas,2007,herring reggie,nutt houston
conflict coach,nc state,2012,bible dana,obrien tom
conflict coach,nc state,2012,bible dana,obrien tom
conflict coach,southern la,2012,mitchell lyvonia stump,odums dawson
conflict coach,georgia tech,1994,lewis bill,oleary george
conflict coach,georgia tech,2001,mcworter mac,oleary george
conflict coach,auburn,1998,bowden terry,oliver bill brother
conflict coach,auburn,1998,bowden terry,oliver bill brother
conflict coach,usc,2013,helton clay,orgeron ed
conflict coach,usc,2013,helton clay,orgeron ed
conflict coach,arizona st.,1979,kush frank,owens bob
conflict coach,arizona st.,1979,kush frank,owens bob
conflict coach,west virginia wesleyan,2012,jackson jonas,parker willie j
conflict coach,ball st.,2008,hoke brady,parrish stan
conflict coach,eastern michigan,2013,english ron,parrish stan
conflict coach,ball st.,2008,hoke brady,parrish stan
conflict coach,eastern michigan,2013,english ron,parrish stan
conflict coach,penn st.,2011,bradley tom,paterno joe
conflict coach,penn st.,2011,bradley tom,paterno joe
conflict coach,western illinois,2008,hendrickson mark,patterson don
conflict coach,western illinois,2009,hendrickson mark,patterson don
conflict coach,western illinois,2008,hendrickson mark,patterson don
conflict coach,western illinois,2009,hendrickson mark,patterson don
conflict coach,tcu,2000,franchione dennis,patterson gary
conflict coach,tcu,2000,franchione dennis,patterson gary
conflict coach,pitt,2011,graham todd,patterson keith
conflict coach,louisiana tech,1979,beightol larry,patterson pat
conflict coach,miles al,2010,joe william billy,peasant patrick
conflict coach,clemson,1978,ford danny,pell charley
conflict coach,florida,1984,hall galen,pell charley
conflict coach,boise st. id,2013,gregory bob,petersen chris
conflict coach,savannah st. ga,2003,basil richard,pettiford kenneth ken
conflict coach,savannah state,2003,basil richard,pettiford kenneth ken
conflict coach,delaware state,2003,blacknall ben,posey butch
conflict coach,alma,2012,cole jim,pscodna greg
conflict coach,alma,2013,cole jim,pscodna greg
conflict coach,alabama a&m,1991,bonner ray,pugh george
conflict coach,eastern michigan,1992,harkema jim,quarless jan
conflict coach,eastern michigan,1992,harkema jim,quarless jan
conflict coach,fordham,1989,glueck larry,quartaro nick
conflict coach,fordham,1990,glueck larry,quartaro nick
conflict coach,fordham,1991,glueck larry,quartaro nick
conflict coach,fordham,1992,glueck larry,quartaro nick
conflict coach,fordham,1993,glueck larry,quartaro nick
conflict coach,central michigan,2006,kelly brian,quinn jeff
conflict coach,cincinnati,2009,kelly brian,quinn jeff
conflict coach,central michigan,2006,kelly brian,quinn jeff
conflict coach,tulsa ok,1999,henderson pat,rader dave
conflict coach,grambling st. la,2013,no coach,ragsdale george
conflict coach,north carolina a&t,2008,fobbs jr lee,ragsdale george
conflict coach,oberlin,2013,mooney todd,ramsey jeff
conflict coach,eastern michigan,1999,lombardi tony,rasnick rick
conflict coach,eastern michigan,1999,lombardi tony,rasnick rick
conflict coach,delaware,1961,nelson david m,raymond harold r tubby
conflict coach,delaware,1962,nelson david m,raymond harold r tubby
conflict coach,delaware,1963,nelson david m,raymond harold r tubby
conflict coach,delaware,1964,nelson david m,raymond harold r tubby
conflict coach,north carolina central,2010,bullock darryl,rison mose
conflict coach,north carolina central,2010,bullock darryl,rison mose
conflict coach,los angeles rams,1991,fisher jeff,robinson john
conflict coach,unlv,1999,robinson john,robinson john 
conflict coach,unlv,2000,robinson john,robinson john 
conflict coach,unlv,2001,robinson john,robinson john 
conflict coach,unlv,2002,robinson john,robinson john 
conflict coach,unlv,2003,robinson john,robinson john 
conflict coach,unlv,2004,robinson john,robinson john 
conflict coach,usc,1976,robinson john,robinson john 
conflict coach,usc,1977,robinson john,robinson john 
conflict coach,usc,1978,robinson john,robinson john 
conflict coach,usc,1979,robinson john,robinson john 
conflict coach,usc,1980,robinson john,robinson john 
conflict coach,usc,1981,robinson john,robinson john 
conflict coach,usc,1982,robinson john,robinson john 
conflict coach,usc,1993,robinson john,robinson john 
conflict coach,usc,1994,robinson john,robinson john 
conflict coach,usc,1995,robinson john,robinson john 
conflict coach,usc,1996,robinson john,robinson john 
conflict coach,usc,1997,robinson john,robinson john 
conflict coach,duke,2003,franks carl,roof ted
conflict coach,duke,2003,franks carl,roof ted
conflict coach,detroit lions,2000,moeller gary o,ross bobby
conflict coach,lindenwood,2012,fisher jeff,ross patrick
conflict coach,lindenwood,2013,fisher jeff,ross patrick
conflict coach,lindenwood,2012,fisher jeff,ross patrick
conflict coach,lindenwood,2013,fisher jeff,ross patrick
conflict coach,auburn,1961,jordan ralph shug,russell erk
conflict coach,auburn,1962,jordan ralph shug,russell erk
conflict coach,ucf,1984,anderson jerry,saban louis henry lou
conflict coach,ucf,1984,anderson jerry,saban louis henry lou
conflict coach,indiana st.,2013,sanford mike,sanford sr mike
conflict coach,tulane,1998,bowden tommy,scelfo chris
conflict coach,tulane,1998,bowden tommy,scelfo chris
conflict coach,bowling green,2013,clawson dave,scheier adam
conflict coach,miami oh,1968,greene ray,schembechler glenn bo
conflict coach,miami oh,1968,greene ray,schembechler glenn bo
conflict coach,syracuse,1969,coughlin tom,schwartzwalder floyd b ben
conflict coach,west virginia wesleyan,2013,parker willie j,shehl george
conflict coach,texas a&m,2011,deruyter tim,sherman mike
conflict coach,pitt,1982,fazio serafino foge,sherman mike
conflict coach,texas a&m,2011,deruyter tim,sherman mike
conflict coach,pitt,1981,sherman mike,sherrill jackie
conflict coach,pitt,1981,sherman mike,sherrill jackie
conflict coach,alabama,2006,kines joe,shula mike
conflict coach,concordia college al,2012,lee don,skanes shepherd
conflict coach,concordia,2012,lee don,skanes shepherd
conflict coach,north carolina a&t,2003,hayes william bill,small george m
conflict coach,north carolina a&t,2003,hayes william bill,small george m
conflict coach,chadron st. ne,2011,oboyle bill,smith brad
conflict coach,weber state,2012,sears jody,smith john l
conflict coach,marshall,2009,minter rick,snyder mark
conflict coach,marshall,2009,minter rick,snyder mark
conflict coach,nebraska,2003,pelini bo,solich frank
conflict coach,nebraska,2003,pelini bo,solich frank
conflict coach,boston college,2006,obrien tom,spaziani frank
conflict coach,eastern illinois,2006,hutson mark,spoo bob
conflict coach,eastern illinois,2006,hutson mark,spoo bob
conflict coach,depauw,2012,long robby,srnka scott
conflict coach,missouri,2011,pinkel gary,steckel dave
conflict coach,hamilton,2012,cohen andrew,stetson stephen steve
conflict coach,hamilton,2013,cohen andrew,stetson stephen steve
conflict coach,west virginia,2007,rodriguez rich,stewart bill
conflict coach,eastern michigan,1982,lapointe bob,stock mike
conflict coach,arizona,2011,kish tim,stoops mike
conflict coach,arizona,2011,kish tim,stoops mike
conflict coach,miami fl,2010,shannon randy,stoutland jeff
conflict coach,central michigan,2009,jones butch,stripling steve
conflict coach,cincinnati,2012,jones butch,stripling steve
conflict coach,central michigan,2009,jones butch,stripling steve
conflict coach,cincinnati,2012,jones butch,stripling steve
conflict coach,nicholls state,2014,axman steve,stubbs charlie
conflict coach,houston,2011,levine tony,sumlin kevin
conflict coach,houston,2011,levine tony,sumlin kevin
conflict coach,pitt,1992,hackett paul,sunseri sal
conflict coach,pitt,1992,hackett paul,sunseri sal
conflict coach,clemson,2008,bowden tommy,swinney dabo
conflict coach,clemson,2008,bowden tommy,swinney dabo
conflict coach,the citadel,1996,powers don,taaffe charlie
conflict coach,western kentucky,2012,guidry lance,taggart willie
conflict coach,western kentucky,2012,guidry lance,taggart willie
lookup error,northwestern mn
lookup error,northwestern mn
lookup error,northwestern mn
lookup error,northwestern mn
lookup error,northwestern mn
lookup error,northwestern mn
lookup error,northwestern mn
lookup error,northwestern mn
lookup error,northwestern mn
lookup error,northwestern mn
lookup error,northwestern mn
lookup error,northwestern mn
lookup error,northwestern mn
lookup error,northwestern mn
conflict coach,miami fl,1970,kichefski walt,tate charlie
conflict coach,florida a&m,2012,holmes earl,taylor joe
conflict coach,florida a&m,2012,holmes earl,taylor joe
conflict coach,oregon st.,1982,avezzano joe,taylor lionel
conflict coach,oregon st.,1983,avezzano joe,taylor lionel
conflict coach,georgia tech,2007,gailey chan,tenuta jon
conflict coach,illinois,1991,mackovic john,tepper lou
conflict coach,illinois,1991,mackovic john,tepper lou
conflict coach,arkansas st.,2012,malzahn gus,thompson john
conflict coach,arkansas st.,2013,harsin bryan,thompson john
conflict coach,arkansas st.,2012,malzahn gus,thompson john
conflict coach,arkansas st.,2013,harsin bryan,thompson john
conflict coach,houston,2007,briles art,thurmond chris
conflict coach,houston,2007,briles art,thurmond chris
conflict coach,southern la,1977,bates charlie charles,tillage ken
conflict coach,tcu,1971,pittman jim,tohill billy
conflict coach,tulane,2011,hutson mark,toledo bob
conflict coach,ucla,2002,kezirian ed,toledo bob
conflict coach,tulane,2011,hutson mark,toledo bob
conflict coach,ucla,2002,kezirian ed,toledo bob
conflict coach,north carolina,1997,brown mack,torbush carl
conflict coach,north carolina,1997,brown mack,torbush carl
conflict coach,miami oh,2013,bath mike,treadwell don
conflict coach,miami oh,2013,bath mike,treadwell don
conflict coach,harding ar,2007,huckeba ronnie,tribble randy
conflict coach,ole miss,1998,cutcliffe david,tuberville tommy
conflict coach,texas tech,2012,thomsen chris,tuberville tommy
conflict coach,ole miss,1998,cutcliffe david,tuberville tommy
conflict coach,texas tech,2012,thomsen chris,tuberville tommy
conflict coach,washington,2013,sarkisian steve,tuiasosopo marques
conflict coach,ole miss,1973,kinard billy r,vaught john h
conflict coach,mcneese st. la,2006,tate tommy,viator matt
conflict coach,mcneese state,2006,tate tommy,viator matt
conflict coach,western carolina,2011,rhea mark,wagner dennis
conflict coach,western carolina,2011,rhea mark,wagner dennis
conflict coach,ucla,2007,dorrell karl,walker dewayne
conflict coach,simon fraser bc,1972,davies lorne,walker tom
conflict coach,pitt,2010,bennett phil,wannstedt dave
conflict coach,pitt,2010,bennett phil,wannstedt dave
conflict coach,missouri southern st.,2005,matheny keeth,ware john
conflict coach,kean,1972,filipo ron san,waterman hawley
conflict coach,navy,2001,lantz rick,weatherbie charlie
conflict coach,utah st.,1993,walker dewayne,weatherbie charlie
conflict coach,navy,2001,lantz rick,weatherbie charlie
conflict coach,utah st.,1993,walker dewayne,weatherbie charlie
conflict coach,villanova,1974,ferry louis a,weaver james c
conflict coach,susquehanna,1965,garrett james w jim,weber gustave
conflict coach,connecticut,2013,pasqualoni paul,weist tj
conflict coach,clemson,1993,hatfield ken,west tommy
conflict coach,clemson,1993,hatfield ken,west tommy
conflict coach,abilene,1966,mcwilliams david,wheeler les
conflict coach,abilene,1967,mcwilliams david,wheeler les
conflict coach,virginia military institute,1998,cain ted,white donny
conflict coach,appalachian state,2001,moore jerry,wilks steve
conflict coach,east tennessee state,2002,hamilton paul,wilks steve
conflict coach,illinois st.,2000,johnson denver,wilks steve
conflict coach,notre dame,2004,baer kent,wilks steve
conflict coach,michigan state,1999,saban nick l,williams bobby
conflict coach,michigan state,2002,watts morris,williams bobby
conflict coach,michigan state,2002,watts morris,williams bobby
conflict coach,grambling st. la,2013,no coach,williams douglas doug
conflict coach,scottish claymores,1995,criner jim,williams douglas doug
conflict coach,jacksonville st. al,1999,richards jeff,williams mike
conflict coach,notre dame,2004,baer kent,willingham tyrone ty
conflict coach,washington,2005,wilks steve,willingham tyrone ty
conflict coach,notre dame,2004,baer kent,willingham tyrone ty
conflict coach,washington,2005,wilks steve,willingham tyrone ty
conflict coach,wittenberg,1996,fincham joe,willis rick
conflict coach,wichita st. ks,1970,seaman bob,wilson ben
conflict coach,texas a&m,1978,bellard emory,wilson tom
conflict coach,grambling st. la,2013,no coach,winston dennis dirt
conflict coach,buffalo,2014,quinn jeff,wood alex
conflict coach,eastern michigan,2003,lavan alton al,woodruff jeff
conflict coach,benedict sc,2011,conner stanley stan,woody james
conflict coach,florida atlantic,2013,pelini carl,wright brian
conflict coach,carthage,2012,rucks tim,yeager mike
conflict coach,carthage,2012,rucks tim,yeager mike
conflict coach,florida,2004,strong charlie,zook ron
conflict coach,illinois,2011,koenning vic,zook ron
conflict coach,florida,2004,strong charlie,zook ron
conflict coach,illinois,2011,koenning vic,zook ron
conflict coach,eastern washington,1993,wulff paul,zornes dick
lookup error,western connecticut
lookup error,western connecticut
lookup error,western connecticut
lookup error,lincoln hs ne
lookup error,lincoln hs ne
lookup error,lincoln hs ne
lookup error,ricks college
lookup error,ricks college
lookup error,ricks college
lookup error,ricks college
lookup error,georgia pre-flight (assistant)
lookup error,north carolina pre-flight
lookup error,bethany college
lookup error,st. mary's hs
lookup error,mesa community college
lookup error,st
lookup error,linfield
lookup error,linfield
lookup error,linfield
lookup error,linfield
lookup error,linfield
lookup error,linfield
