lookup error,gardner_webb
lookup error,gardner_webb
lookup error,st
lookup error,georgia pre-flight
lookup error,saint marys
lookup error,saint marys
lookup error,saint marys
lookup error,saint johns
lookup error,saint johns
lookup error,saint johns
lookup error,saint johns
lookup error,saint johns
lookup error,saint johns
lookup error,saint johns
lookup error,saint johns
lookup error,saint johns
lookup error,saint johns
lookup error,saint johns
lookup error,saint johns
lookup error,saint johns
lookup error,saint johns
lookup error,saint johns
lookup error,saint johns
lookup error,saint johns
lookup error,saint johns
lookup error,saint johns
lookup error,saint johns
lookup error,saint johns
lookup error,saint johns
lookup error,saint johns
lookup error,saint johns
lookup error,saint johns
lookup error,saint johns
lookup error,saint johns
lookup error,saint johns
lookup error,saint johns
lookup error,saint johns
lookup error,saint johns
lookup error,saint johns
lookup error,saint johns
lookup error,saint johns
lookup error,saint johns
lookup error,saint johns
lookup error,saint johns
lookup error,saint johns
lookup error,saint johns
lookup error,saint johns
lookup error,saint johns
lookup error,saint johns
lookup error,saint johns
lookup error,saint johns
lookup error,saint johns
lookup error,saint johns
lookup error,saint johns
lookup error,saint johns
lookup error,saint johns
lookup error,saint johns
lookup error,saint johns
lookup error,saint johns
lookup error,saint johns
lookup error,saint johns
lookup error,saint johns
lookup error,saint johns
lookup error,saint johns
lookup error,saint johns
lookup error,saint johns
lookup error,saint johns
lookup error,saint johns
lookup error,saint johns
lookup error,saint johns
lookup error,saint johns
lookup error,saint johns
lookup error,saint johns
lookup error,saint johns
lookup error,saint johns
lookup error,saint johns
lookup error,saint johns
lookup error,saint johns
lookup error,saint johns
lookup error,saint johns
lookup error,saint johns
lookup error,saint johns
lookup error,saint johns
lookup error,saint johns
lookup error,saint johns
lookup error,saint johns
lookup error,saint johns
lookup error,saint johns
lookup error,saint johns
lookup error,saint johns
lookup error,saint johns
lookup error,saint johns
lookup error,saint johns
lookup error,saint johns
lookup error,saint johns
lookup error,saint johns
lookup error,saint johns
lookup error,saint johns
lookup error,saint johns
lookup error,saint johns
lookup error,saint johns
lookup error,saint johns
lookup error,saint johns
lookup error,saint johns
lookup error,saint johns
lookup error,saint johns
lookup error,saint johns
lookup error,saint johns
lookup error,saint johns
lookup error,saint johns
lookup error,saint johns
lookup error,saint johns
lookup error,saint johns
lookup error,saint johns
lookup error,saint johns
lookup error,saint johns
lookup error,saint johns
lookup error,saint johns
lookup error,saint johns
lookup error,saint johns
lookup error,saint johns
lookup error,saint johns
lookup error,saint johns
lookup error,saint johns
lookup error,saint johns
lookup error,saint johns
lookup error,saint johns
lookup error,saint johns
lookup error,saint johns
lookup error,saint johns
lookup error,saint johns
lookup error,saint johns
lookup error,saint johns
lookup error,saint marys
lookup error,saint marys
lookup error,saint marys
lookup error,saint marys
lookup error,saint marys
lookup error,saint marys
lookup error,saint marys
lookup error,saint marys
lookup error,saint marys
lookup error,saint marys
lookup error,saint marys
lookup error,saint marys
lookup error,saint marys
lookup error,saint marys
lookup error,st. marys hs
lookup error,lees summit hs
lookup error,lees summit hs
lookup error,lees summit hs
lookup error,lees summit hs
lookup error,lees summit hs
lookup error,saint marys
lookup error,saint marys
lookup error,saint marys
lookup error,st
lookup error,saint marys
lookup error,saint marys
lookup error,saint marys
lookup error,lorain st. marys hs
lookup error,lorain st. marys hs
lookup error,lorain st. marys hs
lookup error,lorain st. marys hs
lookup error,lorain st. marys hs
lookup error,lorain st. marys hs
lookup error,lorain st. marys hs
lookup error,lorain st. marys hs
lookup error,saint marys
lookup error,saint marys
lookup error,saint marys
lookup error,saint marys
lookup error,saint marys
lookup error,saint marys
lookup error,land o lakes hs
lookup error,land o lakes hs
lookup error,land o lakes hs
lookup error,saint sebastians
lookup error,saint sebastians
lookup error,saint sebastians
lookup error,saint marys
lookup error,saint marys
lookup error,saint marys
lookup error,st. johns college hs
lookup error,st. johns college hs
lookup error,Denver
lookup error,Denver
lookup error,Denver
lookup error,Denver
lookup error,Denver
lookup error,Detroit Mercy
lookup error,Detroit Mercy
lookup error,Detroit Mercy
lookup error,Detroit Mercy
lookup error,Detroit Mercy
lookup error,Detroit Mercy
lookup error,Detroit Mercy
lookup error,Detroit Mercy
lookup error,Hardin-Simmons
lookup error,Hardin-Simmons
lookup error,Hardin-Simmons
lookup error,Hardin-Simmons
lookup error,Hardin-Simmons
lookup error,Hardin-Simmons
lookup error,Hardin-Simmons
lookup error,Louisiana State
lookup error,Louisiana State
lookup error,Louisiana State
lookup error,Louisiana State
lookup error,Louisiana State
lookup error,Louisiana State
lookup error,Louisiana State
lookup error,Louisiana State
lookup error,Louisiana State
lookup error,Louisiana State
lookup error,Louisiana State
lookup error,Louisiana State
lookup error,Louisiana State
lookup error,Louisiana State
lookup error,Louisiana State
lookup error,Louisiana State
lookup error,Louisiana State
lookup error,Louisiana State
lookup error,Louisiana State
lookup error,Louisiana State
lookup error,Louisiana State
lookup error,Louisiana State
lookup error,Louisiana State
lookup error,Louisiana State
lookup error,Louisiana State
lookup error,Louisiana State
lookup error,Louisiana State
lookup error,Louisiana State
lookup error,Louisiana State
lookup error,Louisiana State
lookup error,Louisiana State
lookup error,Louisiana State
lookup error,Louisiana State
lookup error,Louisiana State
lookup error,Louisiana State
lookup error,Louisiana State
lookup error,Louisiana State
lookup error,Louisiana State
lookup error,Louisiana State
lookup error,Louisiana State
lookup error,Louisiana State
lookup error,Louisiana State
lookup error,Louisiana State
lookup error,Louisiana State
lookup error,Louisiana State
lookup error,Louisiana State
lookup error,Louisiana State
lookup error,Louisiana State
lookup error,Louisiana State
lookup error,Louisiana State
lookup error,Louisiana State
lookup error,Louisiana State
lookup error,Louisiana State
lookup error,Louisiana State
lookup error,Louisiana State
lookup error,Louisiana State
lookup error,Louisiana State
lookup error,Louisiana State
lookup error,Louisiana State
lookup error,Louisiana State
lookup error,Louisiana State
lookup error,Louisiana State
lookup error,Louisiana State
lookup error,Louisiana State
lookup error,Louisiana State
lookup error,Louisiana State
lookup error,Louisiana State
lookup error,Louisiana State
lookup error,Marquette
lookup error,Marquette
lookup error,Marquette
lookup error,Marquette
lookup error,Middle Tennessee State
lookup error,Middle Tennessee State
lookup error,Middle Tennessee State
lookup error,Middle Tennessee State
lookup error,Middle Tennessee State
lookup error,Middle Tennessee State
lookup error,Middle Tennessee State
lookup error,Middle Tennessee State
lookup error,Middle Tennessee State
lookup error,Middle Tennessee State
lookup error,Middle Tennessee State
lookup error,Middle Tennessee State
lookup error,Middle Tennessee State
lookup error,Middle Tennessee State
lookup error,Middle Tennessee State
lookup error,Middle Tennessee State
lookup error,Texas-Arlington
lookup error,Texas-Arlington
lookup error,Texas-Arlington
lookup error,Texas-Arlington
lookup error,Texas-Arlington
lookup error,Texas-Arlington
lookup error,Texas-Arlington
lookup error,Texas-Arlington
lookup error,Texas-Arlington
lookup error,Texas-Arlington
lookup error,Texas-Arlington
